curve,cutoff,horizon,arm,actual,pred,mape,difficulty
run_0,3,1,A_domhan,1.288241982460022,1.3401890815328814,4.032402280017412,Medium
run_0,3,2,A_domhan,1.237549066543579,1.304191208060156,5.385010042689103,Medium
run_0,3,3,A_domhan,1.1944007873535156,1.2802582826311428,7.188332106500473,Medium
run_0,3,1,B_lcpfn,1.288241982460022,1.3420937061309814,4.180249083958933,Medium
run_0,3,2,B_lcpfn,1.237549066543579,1.330164909362793,7.483811779510764,Medium
run_0,3,3,B_lcpfn,1.1944007873535156,1.310197353363037,9.694950575685473,Medium
run_0,4,1,A_domhan,1.237549066543579,1.2535357944785435,1.2918055830799986,Medium
run_0,4,2,A_domhan,1.1944007873535156,1.2160134458486376,1.8094980113844392,Medium
run_0,4,3,A_domhan,1.164419174194336,1.188561613502377,2.0733460804392343,Medium
run_0,4,1,B_lcpfn,1.237549066543579,1.2398320436477661,0.1844756839066808,Medium
run_0,4,2,B_lcpfn,1.1944007873535156,1.2202317714691162,2.162673064946264,Medium
run_0,4,3,B_lcpfn,1.164419174194336,1.1927077770233154,2.4294174688897954,Medium
run_0,5,1,A_domhan,1.1944007873535156,1.1906834183504629,0.3112329665563502,Medium
run_0,5,2,A_domhan,1.164419174194336,1.154778012341802,0.8279803412894304,Medium
run_0,5,3,A_domhan,1.157781958580017,1.125631540635516,2.776897472468184,Medium
run_0,5,1,B_lcpfn,1.1944007873535156,1.1925166845321655,0.15774460644192842,Medium
run_0,5,2,B_lcpfn,1.164419174194336,1.16738760471344,0.2549280005765851,Medium
run_0,5,3,B_lcpfn,1.157781958580017,1.141676902770996,1.3910266686806327,Medium
run_0,6,1,A_domhan,1.164419174194336,1.1590097388948881,0.4645608230550323,Medium
run_0,6,2,A_domhan,1.157781958580017,1.1312872558809224,2.288401758444191,Medium
run_0,6,3,A_domhan,1.1533043384552002,1.108373422031612,3.89584214031235,Medium
run_0,6,1,B_lcpfn,1.164419174194336,1.1581693887710571,0.536729861701483,Medium
run_0,6,2,B_lcpfn,1.157781958580017,1.1365152597427368,1.8368483529803148,Medium
run_0,6,3,B_lcpfn,1.1533043384552002,1.1168922185897827,3.1571995917564912,Medium
run_0,7,1,A_domhan,1.157781958580017,1.1365234963965558,1.8361369363134756,Medium
run_0,7,2,A_domhan,1.1533043384552002,1.115131779505622,3.3098426561638288,Medium
run_0,7,3,A_domhan,1.1521055698394775,1.0972484376600655,4.761467491825011,Medium
run_0,7,1,B_lcpfn,1.157781958580017,1.1341407299041748,2.0419413604300334,Medium
run_0,7,2,B_lcpfn,1.1533043384552002,1.1172124147415161,3.1294362216678735,Medium
run_0,7,3,B_lcpfn,1.1521055698394775,1.1015287637710571,4.389945452261571,Medium
run_1,3,1,A_domhan,1.3965532779693604,1.4187430200332454,1.5888933429127543,Easy
run_1,3,2,A_domhan,1.3392317295074463,1.3834766214799727,3.3037517703377,Easy
run_1,3,3,A_domhan,1.3022968769073486,1.3606464946311458,4.480515830028246,Easy
run_1,3,1,B_lcpfn,1.3965532779693604,1.4477554559707642,3.6663247159359114,Easy
run_1,3,2,B_lcpfn,1.3392317295074463,1.4350290298461914,7.15315342580617,Easy
run_1,3,3,B_lcpfn,1.3022968769073486,1.4139831066131592,8.576095949107955,Easy
run_1,4,1,A_domhan,1.3392317295074463,1.3361513520210564,0.2300107904046466,Easy
run_1,4,2,A_domhan,1.3022968769073486,1.2849877975150175,1.3291193198156321,Easy
run_1,4,3,A_domhan,1.267974853515625,1.2439916626012573,1.891456352456141,Easy
run_1,4,1,B_lcpfn,1.3392317295074463,1.346649408340454,0.5538756788368469,Easy
run_1,4,2,B_lcpfn,1.3022968769073486,1.3263823986053467,1.8494647514778308,Easy
run_1,4,3,B_lcpfn,1.267974853515625,1.298624873161316,2.4172419161712675,Easy
run_1,5,1,A_domhan,1.3022968769073486,1.2889755172240251,1.0229126645038578,Easy
run_1,5,2,A_domhan,1.267974853515625,1.2495516360989802,1.4529639421132055,Easy
run_1,5,3,A_domhan,1.2471219301223755,1.2172159554063038,2.3979992648463124,Easy
run_1,5,1,B_lcpfn,1.3022968769073486,1.2921017408370972,0.7828580603266542,Easy
run_1,5,2,B_lcpfn,1.267974853515625,1.2670137882232666,0.07579529591566583,Easy
run_1,5,3,B_lcpfn,1.2471219301223755,1.240349531173706,0.5430422467196037,Easy
run_1,6,1,A_domhan,1.267974853515625,1.261701446960973,0.49475796284587836,Easy
run_1,6,2,A_domhan,1.2471219301223755,1.2328699146514994,1.1427924669304443,Easy
run_1,6,3,A_domhan,1.238189697265625,1.2090675899347294,2.3519907648406253,Easy
run_1,6,1,B_lcpfn,1.267974853515625,1.2634226083755493,0.3590169889768707,Easy
run_1,6,2,B_lcpfn,1.2471219301223755,1.2417912483215332,0.427438702831503,Easy
run_1,6,3,B_lcpfn,1.238189697265625,1.2214857339859009,1.3490633395361447,Easy
run_1,7,1,A_domhan,1.2471219301223755,1.23748527559492,0.7727114963418161,Easy
run_1,7,2,A_domhan,1.238189697265625,1.2148460675439998,1.8853031787598007,Easy
run_1,7,3,A_domhan,1.2352460622787476,1.1959094668455412,3.1845149427668913,Easy
run_1,7,1,B_lcpfn,1.2471219301223755,1.2375458478927612,0.7678545295626862,Easy
run_1,7,2,B_lcpfn,1.238189697265625,1.2206499576568604,1.4165632008971483,Easy
run_1,7,3,B_lcpfn,1.2352460622787476,1.2058911323547363,2.376443918376722,Easy
run_2,3,1,A_domhan,1.2871477603912354,1.333194103905968,3.577393748541866,Easy
run_2,3,2,A_domhan,1.238710880279541,1.289835371912683,4.127233598013171,Easy
run_2,3,3,A_domhan,1.1946178674697876,1.2605657657957736,5.520417877698776,Easy
run_2,3,1,B_lcpfn,1.2871477603912354,1.3417291641235352,4.240492460299158,Easy
run_2,3,2,B_lcpfn,1.238710880279541,1.3284624814987183,7.245564937552088,Easy
run_2,3,3,B_lcpfn,1.1946178674697876,1.3061240911483765,9.334049549648888,Easy
run_2,4,1,A_domhan,1.238710880279541,1.2455283652271762,0.5503693441440286,Easy
run_2,4,2,A_domhan,1.1946178674697876,1.2028580263647868,0.6897736187766822,Easy
run_2,4,3,A_domhan,1.1676223278045654,1.1712141987983444,0.3076226711536645,Easy
run_2,4,1,B_lcpfn,1.238710880279541,1.233643889427185,0.40905355180318465,Easy
run_2,4,2,B_lcpfn,1.1946178674697876,1.212310791015625,1.4810529816795046,Easy
run_2,4,3,B_lcpfn,1.1676223278045654,1.1818768978118896,1.2208202659267855,Easy
run_2,5,1,A_domhan,1.1946178674697876,1.1867592247292618,0.6578373682933871,Easy
run_2,5,2,A_domhan,1.1676223278045654,1.1491239027463853,1.5842815452974401,Easy
run_2,5,3,A_domhan,1.1458327770233154,1.1186098973207141,2.375816109338558,Easy
run_2,5,1,B_lcpfn,1.1946178674697876,1.190212368965149,0.3687788894342892,Easy
run_2,5,2,B_lcpfn,1.1676223278045654,1.1639890670776367,0.3111674588957363,Easy
run_2,5,3,B_lcpfn,1.1458327770233154,1.1388849020004272,0.606360296389637,Easy
run_2,6,1,A_domhan,1.1676223278045654,1.1593605851520454,0.7075697728437782,Easy
run_2,6,2,A_domhan,1.1458327770233154,1.1327819799250882,1.1389792088275765,Easy
run_2,6,3,A_domhan,1.1406923532485962,1.1112299233070306,2.5828550404198842,Easy
run_2,6,1,B_lcpfn,1.1676223278045654,1.1574150323867798,0.874194949404404,Easy
run_2,6,2,B_lcpfn,1.1458327770233154,1.136311411857605,0.8309559088059416,Easy
run_2,6,3,B_lcpfn,1.1406923532485962,1.1167082786560059,2.102589232257558,Easy
run_2,7,1,A_domhan,1.1458327770233154,1.1424877633296218,0.29192860954662686,Easy
run_2,7,2,A_domhan,1.1406923532485962,1.1243573230495212,1.4320276762226214,Easy
run_2,7,3,A_domhan,1.138353705406189,1.1098059962610578,2.507806581518064,Easy
run_2,7,1,B_lcpfn,1.1458327770233154,1.137001395225525,0.7707391492790947,Easy
run_2,7,2,B_lcpfn,1.1406923532485962,1.1206610202789307,1.7560679628138096,Easy
run_2,7,3,B_lcpfn,1.138353705406189,1.1061843633651733,2.82595311881002,Easy
run_3,3,1,A_domhan,1.4075021743774414,1.4412017149009912,2.3942798197420645,Medium
run_3,3,2,A_domhan,1.3263590335845947,1.3943260449599117,5.124329812240247,Medium
run_3,3,3,A_domhan,1.2782180309295654,1.3639624680885123,6.708122955877134,Medium
run_3,3,1,B_lcpfn,1.4075021743774414,1.4752458333969116,4.813041162755874,Medium
run_3,3,2,B_lcpfn,1.3263590335845947,1.4580668210983276,9.930025293210523,Medium
run_3,3,3,B_lcpfn,1.2782180309295654,1.429862141609192,11.86371237224259,Medium
run_3,4,1,A_domhan,1.3263590335845947,1.3563754428170478,2.2630681793097347,Medium
run_3,4,2,A_domhan,1.2782180309295654,1.3038639607220182,2.0063814757645138,Medium
run_3,4,3,A_domhan,1.2322170734405518,1.2650277524643674,2.662735302977327,Medium
run_3,4,1,B_lcpfn,1.3263590335845947,1.3407808542251587,1.0873240408811333,Medium
run_3,4,2,B_lcpfn,1.2782180309295654,1.311786413192749,2.626185944096836,Medium
run_3,4,3,B_lcpfn,1.2322170734405518,1.2745567560195923,3.4360571275661034,Medium
run_3,5,1,A_domhan,1.2782180309295654,1.260633121658922,1.3757362863873168,Medium
run_3,5,2,A_domhan,1.2322170734405518,1.20749436203838,2.0063600752700084,Medium
run_3,5,3,A_domhan,1.2025121450424194,1.1637161134774872,3.2262486266667785,Medium
run_3,5,1,B_lcpfn,1.2782180309295654,1.2607064247131348,1.3700015015197058,Medium
run_3,5,2,B_lcpfn,1.2322170734405518,1.2243353128433228,0.639640593132007,Medium
run_3,5,3,B_lcpfn,1.2025121450424194,1.1894564628601074,1.08570065060353,Medium
run_3,6,1,A_domhan,1.2322170734405518,1.2249336662029786,0.5910815062184361,Medium
run_3,6,2,A_domhan,1.2025121450424194,1.186478576201468,1.333339451668143,Medium
run_3,6,3,A_domhan,1.1964805126190186,1.1546448788920136,3.4965578867163862,Medium
run_3,6,1,B_lcpfn,1.2322170734405518,1.2216777801513672,0.8553114152003379,Medium
run_3,6,2,B_lcpfn,1.2025121450424194,1.1934036016464233,0.757459576067299,Medium
run_3,6,3,B_lcpfn,1.1964805126190186,1.1675037145614624,2.421836189720116,Medium
run_3,7,1,A_domhan,1.2025121450424194,1.1952425236349682,0.6045362150745515,Medium
run_3,7,2,A_domhan,1.1964805126190186,1.1664337995634133,2.511258038782005,Medium
run_3,7,3,A_domhan,1.1911909580230713,1.14248627344376,4.088738606624648,Medium
run_3,7,1,B_lcpfn,1.2025121450424194,1.1895555257797241,1.0774626531724767,Medium
run_3,7,2,B_lcpfn,1.1964805126190186,1.1679588556289673,2.383796199707357,Medium
run_3,7,3,B_lcpfn,1.1911909580230713,1.1484501361846924,3.5880747373462762,Medium
run_4,3,1,A_domhan,1.1835854053497314,1.240682826123971,4.824106525491349,Easy
run_4,3,2,A_domhan,1.1333833932876587,1.2040362462299545,6.233799909256636,Easy
run_4,3,3,A_domhan,1.0974239110946655,1.1799744661643268,7.5222121766344765,Easy
run_4,3,1,B_lcpfn,1.1835854053497314,1.2439242601394653,5.097972188319159,Easy
run_4,3,2,B_lcpfn,1.1333833932876587,1.2320164442062378,8.70253186192093,Easy
run_4,3,3,B_lcpfn,1.0974239110946655,1.2109662294387817,10.34625883364062,Easy
run_4,4,1,A_domhan,1.1333833932876587,1.1235251084737574,0.8698102400552105,Easy
run_4,4,2,A_domhan,1.0974239110946655,1.0712888345069569,2.3814932701474723,Easy
run_4,4,3,A_domhan,1.0621910095214844,1.0293822637294647,3.0887802191811002,Easy
run_4,4,1,B_lcpfn,1.1333833932876587,1.1352554559707642,0.16517470559323164,Easy
run_4,4,2,B_lcpfn,1.0974239110946655,1.1134463548660278,1.460004981610081,Easy
run_4,4,3,B_lcpfn,1.0621910095214844,1.0837998390197754,2.034363810707244,Easy
run_4,5,1,A_domhan,1.0974239110946655,1.082709677734014,1.3407975907846164,Easy
run_4,5,2,A_domhan,1.0621910095214844,1.044692222643448,1.6474237421685087,Easy
run_4,5,3,A_domhan,1.045780062675476,1.0136654650813675,3.0708749134065623,Easy
run_4,5,1,B_lcpfn,1.0974239110946655,1.0847641229629517,1.1535914247654673,Easy
run_4,5,2,B_lcpfn,1.0621910095214844,1.0590494871139526,0.29575870812039634,Easy
run_4,5,3,B_lcpfn,1.045780062675476,1.0332897901535034,1.1943498415927065,Easy
run_4,6,1,A_domhan,1.0621910095214844,1.0784269815804057,1.528536008437469,Easy
run_4,6,2,A_domhan,1.045780062675476,1.0574715829009818,1.1179712295905344,Easy
run_4,6,3,A_domhan,1.0358625650405884,1.0411054017028223,0.5061324580282015,Easy
run_4,6,1,B_lcpfn,1.0621910095214844,1.0588995218276978,0.30987719386454154,Easy
run_4,6,2,B_lcpfn,1.045780062675476,1.037660002708435,0.7764596263450485,Easy
run_4,6,3,B_lcpfn,1.0358625650405884,1.0190647840499878,1.621622554720123,Easy
run_4,7,1,A_domhan,1.045780062675476,1.035595528470155,0.9738696088033475,Easy
run_4,7,2,A_domhan,1.0358625650405884,1.0148273531366119,2.030695249919788,Easy
run_4,7,3,A_domhan,1.0364305973052979,0.9975238049127924,3.7539216319609343,Easy
run_4,7,1,B_lcpfn,1.045780062675476,1.032759666442871,1.2450415433713846,Easy
run_4,7,2,B_lcpfn,1.0358625650405884,1.016879677772522,1.8325681329475012,Easy
run_4,7,3,B_lcpfn,1.0364305973052979,1.0032376050949097,3.202625655464959,Easy
run_5,3,1,A_domhan,1.1730693578720093,1.2311542786240015,4.951533373726546,Medium
run_5,3,2,A_domhan,1.1072214841842651,1.1872060012657997,7.223894968084219,Medium
run_5,3,3,A_domhan,1.0587522983551025,1.1589523820504133,9.463977915418317,Medium
run_5,3,1,B_lcpfn,1.1730693578720093,1.2315016984939575,4.981149684784763,Medium
run_5,3,2,B_lcpfn,1.1072214841842651,1.2166941165924072,9.887148503878157,Medium
run_5,3,3,B_lcpfn,1.0587522983551025,1.1893388032913208,12.333999665370257,Medium
run_5,4,1,A_domhan,1.1072214841842651,1.105813250257089,0.1271862899421296,Medium
run_5,4,2,A_domhan,1.0587522983551025,1.0494198563202026,0.8814566022098814,Medium
run_5,4,3,A_domhan,1.0229768753051758,1.0051997263806194,1.7377860002214707,Medium
run_5,4,1,B_lcpfn,1.1072214841842651,1.1090738773345947,0.16730104832587517,Medium
run_5,4,2,B_lcpfn,1.0587522983551025,1.0810143947601318,2.102672781878831,Medium
run_5,4,3,B_lcpfn,1.0229768753051758,1.0456162691116333,2.2130894991838117,Medium
run_5,5,1,A_domhan,1.0587522983551025,1.0534279700631992,0.5028870586798537,Medium
run_5,5,2,A_domhan,1.0229768753051758,1.011726679066911,1.0997507871239571,Medium
run_5,5,3,A_domhan,0.9967988729476929,0.9782900661882561,1.8568246074258985,Medium
run_5,5,1,B_lcpfn,1.0587522983551025,1.0473580360412598,1.0761971739324783,Medium
run_5,5,2,B_lcpfn,1.0229768753051758,1.0141533613204956,0.8625330833649523,Medium
run_5,5,3,B_lcpfn,0.9967988729476929,0.9839584231376648,1.2881685722674248,Medium
run_5,6,1,A_domhan,1.0229768753051758,1.0195942854682636,0.33066141753234635,Medium
run_5,6,2,A_domhan,0.9967988729476929,0.989447008329294,0.7375474449181749,Medium
run_5,6,3,A_domhan,0.9899071455001831,0.9650096670609379,2.5151327124388922,Medium
run_5,6,1,B_lcpfn,1.0229768753051758,1.009134292602539,1.3531667271078032,Medium
run_5,6,2,B_lcpfn,0.9967988729476929,0.9829240441322327,1.391938654026577,Medium
run_5,6,3,B_lcpfn,0.9899071455001831,0.9601791501045227,3.003109486661939,Medium
run_5,7,1,A_domhan,0.9967988729476929,0.9953529836328925,0.14505326541197436,Medium
run_5,7,2,A_domhan,0.9899071455001831,0.9732411565962629,1.6835911307114768,Medium
run_5,7,3,A_domhan,0.9879242181777954,0.9551393539699675,3.318560634974498,Medium
run_5,7,1,B_lcpfn,0.9967988729476929,0.9827377200126648,1.4106309022448038,Medium
run_5,7,2,B_lcpfn,0.9899071455001831,0.9636709690093994,2.6503674218380353,Medium
run_5,7,3,B_lcpfn,0.9879242181777954,0.9470043778419495,4.142001945384202,Medium
run_6,3,1,A_domhan,1.4136420488357544,1.503190594939378,6.334598364371935,Hard
run_6,3,2,A_domhan,1.3518778085708618,1.469247550901651,8.681978621637896,Hard
run_6,3,3,A_domhan,1.302024006843567,1.4486151908734555,11.25871591148787,Hard
run_6,3,1,B_lcpfn,1.4136420488357544,1.4793140888214111,4.645591862504574,Hard
run_6,3,2,B_lcpfn,1.3518778085708618,1.4647268056869507,8.347573752644644,Hard
run_6,3,3,B_lcpfn,1.302024006843567,1.4394359588623047,10.553718771427176,Hard
run_6,4,1,A_domhan,1.3518778085708618,1.3768164868050208,1.8447435172061073,Hard
run_6,4,2,A_domhan,1.302024006843567,1.33462746508026,2.504059684408751,Hard
run_6,4,3,A_domhan,1.2651256322860718,1.3044739408932495,3.1102293403126833,Hard
run_6,4,1,B_lcpfn,1.3518778085708618,1.353936791419983,0.1523053959512619,Hard
run_6,4,2,B_lcpfn,1.302024006843567,1.3268848657608032,1.9094009623912613,Hard
run_6,4,3,B_lcpfn,1.2651256322860718,1.2921955585479736,2.1397026169635596,Hard
run_6,5,1,A_domhan,1.302024006843567,1.297487726427299,0.3484022101301296,Hard
run_6,5,2,A_domhan,1.2651256322860718,1.2557468708873623,0.7413304386033328,Hard
run_6,5,3,A_domhan,1.2361098527908325,1.2223251164414601,1.1151708174034722,Hard
run_6,5,1,B_lcpfn,1.302024006843567,1.2951643466949463,0.5268459039591862,Hard
run_6,5,2,B_lcpfn,1.2651256322860718,1.2630761861801147,0.16199546145102592,Hard
run_6,5,3,B_lcpfn,1.2361098527908325,1.232058048248291,0.32778676857833666,Hard
run_6,6,1,A_domhan,1.2651256322860718,1.259982546322708,0.4065276864298738,Hard
run_6,6,2,A_domhan,1.2361098527908325,1.2277748661042929,0.6742917441941988,Hard
run_6,6,3,A_domhan,1.2273521423339844,1.2014127947327373,2.113439713554392,Hard
run_6,6,1,B_lcpfn,1.2651256322860718,1.255763053894043,0.7400512765764381,Hard
run_6,6,2,B_lcpfn,1.2361098527908325,1.2296481132507324,0.5227480005527888,Hard
run_6,6,3,B_lcpfn,1.2273521423339844,1.2066816091537476,1.6841566871695732,Hard
run_6,7,1,A_domhan,1.2361098527908325,1.2315277939629379,0.3706837881398225,Hard
run_6,7,2,A_domhan,1.2273521423339844,1.206040102729339,1.7364241988544111,Hard
run_6,7,3,A_domhan,1.2221612930297852,1.184802574116368,3.056774840316169,Hard
run_6,7,1,B_lcpfn,1.2361098527908325,1.2272855043411255,0.7138806012899112,Hard
run_6,7,2,B_lcpfn,1.2273521423339844,1.2076977491378784,1.6013654531722523,Hard
run_6,7,3,B_lcpfn,1.2221612930297852,1.189984679222107,2.632763285107087,Hard
run_7,3,1,A_domhan,1.2569283246994019,1.338611672044283,6.498647992869129,Hard
run_7,3,2,A_domhan,1.2005165815353394,1.3114840987952705,9.243314000545908,Hard
run_7,3,3,A_domhan,1.1454106569290161,1.2953251593871347,13.088275506363576,Hard
run_7,3,1,B_lcpfn,1.2569283246994019,1.313868522644043,4.530106993830259,Hard
run_7,3,2,B_lcpfn,1.2005165815353394,1.3015713691711426,8.417608651982496,Hard
run_7,3,3,B_lcpfn,1.1454106569290161,1.2800133228302002,11.75147665048534,Hard
run_7,4,1,A_domhan,1.2005165815353394,1.2052952408772881,0.39805025731817406,Hard
run_7,4,2,A_domhan,1.1454106569290161,1.1600092510147064,1.2745292701249085,Hard
run_7,4,3,A_domhan,1.1067901849746704,1.1252546707966493,1.668291431623192,Hard
run_7,4,1,B_lcpfn,1.2005165815353394,1.2058383226394653,0.4432875968543481,Hard
run_7,4,2,B_lcpfn,1.1454106569290161,1.1825798749923706,3.2450560712443206,Hard
run_7,4,3,B_lcpfn,1.1067901849746704,1.15261971950531,4.140760837311589,Hard
run_7,5,1,A_domhan,1.1454106569290161,1.156451672298217,0.9639351006915869,Hard
run_7,5,2,A_domhan,1.1067901849746704,1.12127538129183,1.3087572074458722,Hard
run_7,5,3,A_domhan,1.0882658958435059,1.0932558531270757,0.4585237213284355,Hard
run_7,5,1,B_lcpfn,1.1454106569290161,1.1518633365631104,0.5633507594031515,Hard
run_7,5,2,B_lcpfn,1.1067901849746704,1.123529076576233,1.5123816445793274,Hard
run_7,5,3,B_lcpfn,1.0882658958435059,1.0961034297943115,0.7201855705246425,Hard
run_7,6,1,A_domhan,1.1067901849746704,1.1138060468935025,0.6338926757823246,Hard
run_7,6,2,A_domhan,1.0882658958435059,1.0845324882446876,0.34306024043182076,Hard
run_7,6,3,A_domhan,1.081602931022644,1.0604487511497376,1.9558175432185092,Hard
run_7,6,1,B_lcpfn,1.1067901849746704,1.1051017045974731,0.15255650078211594,Hard
run_7,6,2,B_lcpfn,1.0882658958435059,1.080730676651001,0.6924060766109368,Hard
run_7,6,3,B_lcpfn,1.081602931022644,1.0579047203063965,2.1910268580578967,Hard
run_7,7,1,A_domhan,1.0882658958435059,1.0809621108719383,0.671139746220429,Hard
run_7,7,2,A_domhan,1.081602931022644,1.0564339295228815,2.3270093652543555,Hard
run_7,7,3,A_domhan,1.0796386003494263,1.0357746473149414,4.062836677040655,Hard
run_7,7,1,B_lcpfn,1.0882658958435059,1.0704705715179443,1.6352000364551087,Hard
run_7,7,2,B_lcpfn,1.081602931022644,1.0498772859573364,2.9332062770310134,Hard
run_7,7,3,B_lcpfn,1.0796386003494263,1.030259132385254,4.5737034548589355,Hard
run_8,3,1,A_domhan,1.301532506942749,1.34379192596721,3.246896931043754,Easy
run_8,3,2,A_domhan,1.2561286687850952,1.3017373397494865,3.630891651291036,Easy
run_8,3,3,A_domhan,1.219542145729065,1.2733941506436208,4.415755954244792,Easy
run_8,3,1,B_lcpfn,1.301532506942749,1.3510295152664185,3.802979031229581,Easy
run_8,3,2,B_lcpfn,1.2561286687850952,1.3379634618759155,6.514841602171968,Easy
run_8,3,3,B_lcpfn,1.219542145729065,1.3162178993225098,7.927217106191132,Easy
run_8,4,1,A_domhan,1.2561286687850952,1.2630839065483943,0.5537042451253081,Easy
run_8,4,2,A_domhan,1.219542145729065,1.2236508238014372,0.33690332775797655,Easy
run_8,4,3,A_domhan,1.1973745822906494,1.1947094772605136,0.22257905500527106,Easy
run_8,4,1,B_lcpfn,1.2561286687850952,1.2486549615859985,0.5949794304372588,Easy
run_8,4,2,B_lcpfn,1.219542145729065,1.2284189462661743,0.7278797676813915,Easy
run_8,4,3,B_lcpfn,1.1973745822906494,1.199554681777954,0.18207330601039037,Easy
run_8,5,1,A_domhan,1.219542145729065,1.207692937253893,0.9716112326801413,Easy
run_8,5,2,A_domhan,1.1973745822906494,1.173160507105432,2.022264005211666,Easy
run_8,5,3,A_domhan,1.1713892221450806,1.1454692757171676,2.212752681849644,Easy
run_8,5,1,B_lcpfn,1.219542145729065,1.2099708318710327,0.7848284613657462,Easy
run_8,5,2,B_lcpfn,1.1973745822906494,1.1857141256332397,0.9738353252081329,Easy
run_8,5,3,B_lcpfn,1.1713892221450806,1.160835862159729,0.9009268470155425,Easy
run_8,6,1,A_domhan,1.1973745822906494,1.1859246834039578,0.9562503711066944,Easy
run_8,6,2,A_domhan,1.1713892221450806,1.162697320370717,0.7420165398522942,Easy
run_8,6,3,A_domhan,1.1621534824371338,1.144210122217979,1.54397508507448,Easy
run_8,6,1,B_lcpfn,1.1973745822906494,1.1844345331192017,1.0807018424169872,Easy
run_8,6,2,B_lcpfn,1.1713892221450806,1.1644933223724365,0.5886941455732433,Easy
run_8,6,3,B_lcpfn,1.1621534824371338,1.1472917795181274,1.2788072439313354,Easy
run_8,7,1,A_domhan,1.1713892221450806,1.1734755408455086,0.178106359610135,Easy
run_8,7,2,A_domhan,1.1621534824371338,1.158402338106831,0.32277529491512724,Easy
run_8,7,3,A_domhan,1.1633541584014893,1.146512542280684,1.447677476302352,Easy
run_8,7,1,B_lcpfn,1.1713892221450806,1.168677568435669,0.23149040969029622,Easy
run_8,7,2,B_lcpfn,1.1621534824371338,1.1550060510635376,0.6150161301076538,Easy
run_8,7,3,B_lcpfn,1.1633541584014893,1.1431636810302734,1.7355400524771076,Easy
run_9,3,1,A_domhan,1.413832426071167,1.4694965612824498,3.9371098147724086,Hard
run_9,3,2,A_domhan,1.3274368047714233,1.418427095169094,6.85458547409635,Hard
run_9,3,3,A_domhan,1.274893879890442,1.385617829438046,8.684954198471726,Hard
run_9,3,1,B_lcpfn,1.413832426071167,1.5024813413619995,6.270114736098878,Hard
run_9,3,2,B_lcpfn,1.3274368047714233,1.4844129085540771,11.825504854047207,Hard
run_9,3,3,B_lcpfn,1.274893879890442,1.4524410963058472,13.926430992880977,Hard
run_9,4,1,A_domhan,1.3274368047714233,1.320262413513404,0.5404695147995928,Hard
run_9,4,2,A_domhan,1.274893879890442,1.2391244009772957,2.805682847596699,Hard
run_9,4,3,A_domhan,1.226668119430542,1.1735138614884915,4.333222417708745,Hard
run_9,4,1,B_lcpfn,1.3274368047714233,1.339367151260376,0.8987506181890874,Hard
run_9,4,2,B_lcpfn,1.274893879890442,1.3035515546798706,2.2478478594541067,Hard
run_9,4,3,B_lcpfn,1.226668119430542,1.259096384048462,2.6436053977643232,Hard
run_9,5,1,A_domhan,1.274893879890442,1.2475767461252867,2.1426986352387787,Hard
run_9,5,2,A_domhan,1.226668119430542,1.1848660327290195,3.407774771299051,Hard
run_9,5,3,A_domhan,1.1920514106750488,1.132940608665302,4.958746030615649,Hard
run_9,5,1,B_lcpfn,1.274893879890442,1.2490640878677368,2.0260346708170536,Hard
run_9,5,2,B_lcpfn,1.226668119430542,1.2058324813842773,1.6985554377933298,Hard
run_9,5,3,B_lcpfn,1.1920514106750488,1.1675488948822021,2.0554915311052824,Hard
run_9,6,1,A_domhan,1.226668119430542,1.2126065216421842,1.1463245490463747,Hard
run_9,6,2,A_domhan,1.1920514106750488,1.169267869664417,1.9112884567394386,Hard
run_9,6,3,A_domhan,1.1826715469360352,1.133478754725116,4.15946357535731,Hard
run_9,6,1,B_lcpfn,1.226668119430542,1.2089017629623413,1.448342562000257,Hard
run_9,6,2,B_lcpfn,1.1920514106750488,1.1763979196548462,1.3131556978182841,Hard
run_9,6,3,B_lcpfn,1.1826715469360352,1.1487700939178467,2.8665146384909215,Hard
run_9,7,1,A_domhan,1.1920514106750488,1.1928033528475654,0.06307967641184191,Hard
run_9,7,2,A_domhan,1.1826715469360352,1.1664502836673432,1.3715780438547513,Hard
run_9,7,3,A_domhan,1.1787790060043335,1.1455258075327672,2.820986656717232,Hard
run_9,7,1,B_lcpfn,1.1920514106750488,1.1773661375045776,1.23193287126392,Hard
run_9,7,2,B_lcpfn,1.1826715469360352,1.1551183462142944,2.329742420296084,Hard
run_9,7,3,B_lcpfn,1.1787790060043335,1.1363927125930786,3.595779462931753,Hard
